insert into users (id, name, hashed_password, created_at) values ('1', 'hawkinstyler', '$2b$12$5KFXAaD6nNLprefIpBiWfem6Fc7weukn8rqsT6MOQMC4WLaZ5f5ya', '1623490929000');
insert into users (id, name, hashed_password, created_at) values ('2', 'jose90', '$2b$12$RfPyYyzQasXPDBPsclcwvOaSehgDAB2.C2LYgi7Nf/bB5YIolfAq.', '1434830943000');
insert into users (id, name, hashed_password, created_at) values ('3', 'kristen05', '$2b$12$ef5UlhX1Wses/hBfb18fSOzmmiVZGGr4/2Y6PpGs4oy6Q5Tk.yM3q', '1533437322000');
insert into users (id, name, hashed_password, created_at) values ('4', 'scottboyer', '$2b$12$A8V8EqP4Eq.3PGIGHX867.shRPuy2scuZeBHdJcWkUhZeI1/5sH2y', '1464511723000');
insert into users (id, name, hashed_password, created_at) values ('5', 'rachael11', '$2b$12$l8HZkcfaZuAvxNuirsTW0O/bIzT1jzrOkynS0oUUDJmj1KdOEsGRi', '1496659956000');
insert into users (id, name, hashed_password, created_at) values ('6', 'ojohnson', '$2b$12$v9hMt0TP.keXqaqeyEIpJukIGaOQewTTCAmch.gYFWH8yp8PL.0fq', '1415605818000');
insert into users (id, name, hashed_password, created_at) values ('7', 'cooperlonnie', '$2b$12$1V0RBQNxk1NBZWvAnSzC7eZpyjEB966yHREn4hSG/HuNAWy6MWxPW', '1612872829000');
insert into users (id, name, hashed_password, created_at) values ('8', 'deanna72', '$2b$12$/lSfV7LbQFgDJwh6yHPkBuapGAfz0YabsI4KXteJl8OrWZrB0Mg9K', '1387637503000');
insert into users (id, name, hashed_password, created_at) values ('9', 'sbarton', '$2b$12$eF5LBmqQXFF5FLGqo5Zmo.VjVPVQMzDgvt5JdJ9PYX7vJqWmkRkIW', '1478951580000');
insert into users (id, name, hashed_password, created_at) values ('10', 'pricemelissa', '$2b$12$ULZnCXrjkD0zjgoJ3etZGuF2cfbU8bfrbLnTeJoHI1jEnRIC4diga', '1421211472000');
insert into posts (id, title, body, created_at, updated_at, active_at, user_id) values ('1', 'Particularly a set important politics difficult parent.', 'Move speak conference system development away pull. World program simple expert in old.
Would everyone loss hope. Nearly help member nothing despite player. Teach develop by moment.', '1648869087000', '1648869087000', '1648869087000', '1');
insert into posts (id, title, body, created_at, updated_at, active_at, user_id) values ('2', 'Night particularly back also course city ground.', 'Color if maintain manage year morning best foot. Itself hair air black dream at million. For create man black all specific.', '1661737399000', '1661737399000', '1661737399000', '1');
insert into posts (id, title, body, created_at, updated_at, active_at, user_id) values ('3', 'Scientist company account easy.', 'My data community part century.
Fire guy agree social card onto design. Boy because short institution myself nor effect technology.', '1638153587000', '1638153587000', '1638153587000', '1');
insert into posts (id, title, body, created_at, updated_at, active_at, user_id) values ('4', 'Road name watch account.', 'Born tax about item up own evidence series. Picture right herself million.
May something foot sing. Total night help whatever clearly wait.', '1643000818000', '1643000818000', '1643000818000', '2');
insert into posts (id, title, body, created_at, updated_at, active_at, user_id) values ('5', 'South keep every prevent rest natural.', 'Audience future firm week lead. Blood nation compare. Reality bit direction.
Modern so score. Least matter stand identify.', '1658964201000', '1658964201000', '1658964201000', '2');
insert into posts (id, title, body, created_at, updated_at, active_at, user_id) values ('6', 'Effort tonight former cup.', 'Then yet event dark bad. Positive paper serious natural.
Her option sign choose. Year of from friend building follow another campaign. Our present cultural buy something.', '1655747418000', '1655747418000', '1655747418000', '2');
insert into posts (id, title, body, created_at, updated_at, active_at, user_id) values ('7', 'Music TV both according nature perhaps.', 'Group black American card. Decide bed idea cut they approach add significant. Stand table team machine discover four view about.', '1648259111000', '1648259111000', '1648259111000', '3');
insert into posts (id, title, body, created_at, updated_at, active_at, user_id) values ('8', 'Cultural far wall.', 'Trade that unit black. Idea matter choice range.
Rate weight up fast. Happen believe sign low cell late admit. Have beautiful student man statement student own.', '1658962833000', '1658962833000', '1658962833000', '3');
insert into posts (id, title, body, created_at, updated_at, active_at, user_id) values ('9', 'Night rate door fill anyone since smile.', 'Nor drug beat audience often expert possible music. Mother rather herself upon culture probably.', '1666931970000', '1666931970000', '1666931970000', '3');
insert into posts (id, title, body, created_at, updated_at, active_at, user_id) values ('10', 'Popular clearly ask involve.', 'Company old if everybody something center now. Economy avoid worry inside course.
Necessary maybe growth husband. Arrive office box own better great.', '1652379968000', '1652379968000', '1652379968000', '4');
insert into posts (id, title, body, created_at, updated_at, active_at, user_id) values ('11', 'Hope future shake oil body difference leg.', 'Window direction lawyer the. Blue fill everything so tend car. Benefit direction travel voice.
Institution nation up agency near. Property later wait experience on always.
Together car laugh central.', '1652457504000', '1652457504000', '1652457504000', '4');
insert into posts (id, title, body, created_at, updated_at, active_at, user_id) values ('12', 'Response drop outside.', 'Force prevent challenge modern account foreign himself. Hotel state focus property girl national popular.', '1651424322000', '1651424322000', '1651424322000', '4');
insert into posts (id, title, body, created_at, updated_at, active_at, user_id) values ('13', 'Operation citizen son remember actually other expect.', 'Order dinner theory from high. Relationship eye authority story should stock understand.', '1638693454000', '1638693454000', '1638693454000', '5');
insert into posts (id, title, body, created_at, updated_at, active_at, user_id) values ('14', 'Concern final teacher marriage woman board movement.', 'Value run direction town prepare. Organization eye great exactly.
Wish article enter include. Various factor major between she put move. Form election sign peace.', '1648807788000', '1648807788000', '1648807788000', '5');
insert into posts (id, title, body, created_at, updated_at, active_at, user_id) values ('15', 'Important business law firm manager.', 'Keep sense laugh party. Realize quickly leave get. Around human head want yes.
Democratic shoulder effort article whether. Small sign computer someone.', '1643816919000', '1643816919000', '1643816919000', '5');
insert into posts (id, title, body, created_at, updated_at, active_at, user_id) values ('16', 'East prove truth art fact image performance.', 'Forward believe life traditional number. Candidate catch own protect role remain sign news. Mind career low ok.', '1666218818000', '1666218818000', '1666218818000', '6');
insert into posts (id, title, body, created_at, updated_at, active_at, user_id) values ('17', 'Economic agree difference current argue.', 'Home they three such real reach. It full eight usually Republican wait range. Power purpose budget card.', '1654631797000', '1654631797000', '1654631797000', '6');
insert into posts (id, title, body, created_at, updated_at, active_at, user_id) values ('18', 'Enough see blue provide until look.', 'Smile industry truth movement. Become should expect have admit live issue others.', '1639495420000', '1639495420000', '1639495420000', '6');
insert into posts (id, title, body, created_at, updated_at, active_at, user_id) values ('19', 'Sure four data doctor.', 'Family discover nature religious. Seek century two model my. Project scene age local.', '1664597909000', '1664597909000', '1664597909000', '7');
insert into posts (id, title, body, created_at, updated_at, active_at, user_id) values ('20', 'Reflect media between road likely.', 'Rich instead law reality. Without station could player method both. Ago walk democratic main beat sit recently.
Bed change week executive. Debate state responsibility research.', '1653875147000', '1653875147000', '1653875147000', '7');
insert into posts (id, title, body, created_at, updated_at, active_at, user_id) values ('21', 'Fire left prepare paper often to.', 'Within investment water finally our cost attention though. Strong such exist act upon.', '1639862261000', '1639862261000', '1639862261000', '7');
insert into posts (id, title, body, created_at, updated_at, active_at, user_id) values ('22', 'Individual staff option consider modern can.', 'Site government table forget. Answer image serious letter blood exactly.', '1642424396000', '1642424396000', '1642424396000', '8');
insert into posts (id, title, body, created_at, updated_at, active_at, user_id) values ('23', 'State benefit realize try.', 'Teacher total wrong rule way turn. Three great subject interest brother get fight. Follow it recent beyond.', '1666006995000', '1666006995000', '1666006995000', '8');
insert into posts (id, title, body, created_at, updated_at, active_at, user_id) values ('24', 'This now performance well final deep person eye.', 'Answer arm recognize figure. Wide check successful themselves religious agency standard production. Support son poor ability.
Imagine rise learn deep radio. Cell half they stage customer.', '1640400336000', '1640400336000', '1640400336000', '8');
insert into posts (id, title, body, created_at, updated_at, active_at, user_id) values ('25', 'Either course foot start teacher billion officer.', 'Sport would couple. Claim painting government such ok go. Media process certain form consumer.
Direction road mind low hope. Laugh would region something country. Value husband discover yes.', '1639242142000', '1639242142000', '1639242142000', '9');
insert into posts (id, title, body, created_at, updated_at, active_at, user_id) values ('26', 'Should argue north them suddenly somebody police teach.', 'Father serious office serious deal court foreign. Choice large subject. Company their student other drop white.
Somebody physical less establish project win. Later break thought yourself forget in.', '1659351177000', '1659351177000', '1659351177000', '9');
insert into posts (id, title, body, created_at, updated_at, active_at, user_id) values ('27', 'Term plan behavior capital.', 'Wife man budget act.
Available building place state small relationship trip station. Pick forward reality herself technology condition yourself. Dog into life drop couple road authority approach.', '1662117206000', '1662117206000', '1662117206000', '9');
insert into posts (id, title, body, created_at, updated_at, active_at, user_id) values ('28', 'Figure create through score.', 'Ask official deep management chance hair. Style special whole. Time woman eat form natural.
World bed around road on.
Program blue rather. Cause third effect down resource his.', '1656788644000', '1656788644000', '1656788644000', '10');
insert into posts (id, title, body, created_at, updated_at, active_at, user_id) values ('29', 'Only create technology election finish gun movie.', 'North board the again likely. Think with author. After later safe size along then.
Message cup mouth. Present world parent over site.', '1654354935000', '1654354935000', '1654354935000', '10');
insert into posts (id, title, body, created_at, updated_at, active_at, user_id) values ('30', 'Project president same.', 'Down data develop agree leg board practice. Seven land when network beyond grow teach. Feel as behavior trouble without low.', '1645176752000', '1645176752000', '1645176752000', '10');
insert into comments (id, body, created_at, updated_at, post_id, user_id) values ('1', 'Blue east cultural nothing whether rest expert. Hospital PM cup skill. Grow compare prevent why rich doctor.
As music between member. Lose nothing include here explain sound share else.', '1668762472000', '1668762472000', '1', '5');
insert into comments (id, body, created_at, updated_at, post_id, user_id) values ('2', 'Her example yes authority. Fine institution least age service science. Board anything doctor discussion technology century manage.', '1667324298000', '1667324298000', '1', '2');
insert into comments (id, body, created_at, updated_at, post_id, user_id) values ('3', 'When often keep dark long believe purpose. Blood else even step heart.
Move possible should that. Series much style daughter might why.', '1667476472000', '1667476472000', '1', '9');
insert into comments (id, body, created_at, updated_at, post_id, user_id) values ('4', 'Space woman record city debate. They strong foreign report thing popular.
Hot anything across attack firm available. Be agree quality mean represent add lot player. Up them table themselves never.', '1668530631000', '1668530631000', '2', '8');
insert into comments (id, body, created_at, updated_at, post_id, user_id) values ('5', 'View address already during investment effect. Ok early suddenly rule there participant.
Fast couple five training economic care. Speech last leader stop instead rich when ten.', '1668766019000', '1668766019000', '2', '8');
insert into comments (id, body, created_at, updated_at, post_id, user_id) values ('6', 'Fine try meet thing. Hour woman value put develop serve agency.
Protect might yeah development suddenly. Price face best plan value.', '1668021638000', '1668021638000', '2', '3');
insert into comments (id, body, created_at, updated_at, post_id, user_id) values ('7', 'Boy type there. Record indeed every development. Always natural modern result bit. Toward them quickly environmental.', '1668446973000', '1668446973000', '3', '8');
insert into comments (id, body, created_at, updated_at, post_id, user_id) values ('8', 'American hit back force military eye entire.
State only boy pass cause blue. In would market administration accept.
Get fire manager believe born. Science stop thousand.', '1669013818000', '1669013818000', '3', '10');
insert into comments (id, body, created_at, updated_at, post_id, user_id) values ('9', 'Fear create whether world pattern fund difference. Pass green such ahead imagine fire challenge. Begin raise live near cause everybody. Relationship ago mention group style.', '1664243180000', '1664243180000', '3', '4');
insert into comments (id, body, created_at, updated_at, post_id, user_id) values ('10', 'Resource technology amount yourself. Increase lot occur each both. Only recognize poor debate short include.
Edge enter debate service hotel. Lose rule remain air.', '1656969263000', '1656969263000', '4', '3');
insert into comments (id, body, created_at, updated_at, post_id, user_id) values ('11', 'Tend skin seek moment name visit. Thus in stock ever tonight feel agent. Third nation good east month stop visit together.', '1656089879000', '1656089879000', '4', '5');
insert into comments (id, body, created_at, updated_at, post_id, user_id) values ('12', 'First benefit second energy theory. Treatment now early itself fight subject. Heavy whether have national why oil even.
Ever grow thing spring music apply side. Little show tough up performance.', '1662765980000', '1662765980000', '4', '8');
insert into comments (id, body, created_at, updated_at, post_id, user_id) values ('13', 'Chair rest think environment then like. International sit notice clearly hundred home produce.
Door other when growth six population. Practice agent dog newspaper huge nearly career degree.', '1650699656000', '1650699656000', '5', '4');
insert into comments (id, body, created_at, updated_at, post_id, user_id) values ('14', 'Development several there. Product thing day deal.
Would guy game. Where institution toward.', '1658766026000', '1658766026000', '5', '6');
insert into comments (id, body, created_at, updated_at, post_id, user_id) values ('15', 'Prepare economic too former. Suddenly appear foreign however occur work century brother. Step nearly consumer training common enter which.
Under role chance wind factor.', '1656539451000', '1656539451000', '5', '7');
insert into comments (id, body, created_at, updated_at, post_id, user_id) values ('16', 'Seek goal teach cup card. Something around trade close.
Air lawyer necessary. Add standard truth member history similar. Onto listen laugh daughter use.', '1662631479000', '1662631479000', '6', '6');
insert into comments (id, body, created_at, updated_at, post_id, user_id) values ('17', 'Society toward go parent religious. Start majority experience issue training. Nearly spring adult population.', '1651509340000', '1651509340000', '6', '7');
insert into comments (id, body, created_at, updated_at, post_id, user_id) values ('18', 'Every practice many few. Good best painting religious herself movie town bill. Sure hour fine because personal last.
Next top bed option thus watch. Language easy fine magazine suddenly station.', '1664892303000', '1664892303000', '6', '7');
insert into comments (id, body, created_at, updated_at, post_id, user_id) values ('19', 'Trial thing woman message company think. Evening board then cut practice back tend. Clear help matter tell drug worker.', '1652913458000', '1652913458000', '7', '4');
insert into comments (id, body, created_at, updated_at, post_id, user_id) values ('20', 'Growth radio contain traditional than receive alone need. Them these game finish future instead nature.', '1657078691000', '1657078691000', '7', '4');
insert into comments (id, body, created_at, updated_at, post_id, user_id) values ('21', 'Heart attention skill age blood.
Produce investment mouth face store international. Machine heavy thought door environmental although court.', '1661737351000', '1661737351000', '7', '9');
insert into comments (id, body, created_at, updated_at, post_id, user_id) values ('22', 'Argue consumer thousand. Political structure join least real everything door.
National around nearly position test specific our other. Life morning traditional get.', '1646738880000', '1646738880000', '8', '10');
insert into comments (id, body, created_at, updated_at, post_id, user_id) values ('23', 'Region cell look chair decide live direction. No increase learn his size. Ago choice simple individual few we lot blood.', '1644942564000', '1644942564000', '8', '9');
insert into comments (id, body, created_at, updated_at, post_id, user_id) values ('24', 'Smile share art white us hair research. Minute risk agent sit picture.
Short student may say. Break good scene table morning.
Receive long order Mrs deal few. Outside team baby feeling seven.', '1660252457000', '1660252457000', '8', '7');
insert into comments (id, body, created_at, updated_at, post_id, user_id) values ('25', 'Store west continue understand various kitchen arm. Know may pattern theory admit remain. Explain whose show air how bar.', '1663749312000', '1663749312000', '9', '6');
insert into comments (id, body, created_at, updated_at, post_id, user_id) values ('26', 'Forward structure design get similar plan. Door use inside check ready than million real. Lawyer heavy Congress system after certain any.', '1662255303000', '1662255303000', '9', '2');
insert into comments (id, body, created_at, updated_at, post_id, user_id) values ('27', 'Born good major business order similar describe. Building wish parent I describe college. Several cause he gas. Value outside go will especially though.', '1659392604000', '1659392604000', '9', '3');
insert into comments (id, body, created_at, updated_at, post_id, user_id) values ('28', 'Relationship seven card. Well letter better.
Officer possible night degree red. Happy challenge dark claim. Area western write and paper.', '1659717615000', '1659717615000', '10', '3');
insert into comments (id, body, created_at, updated_at, post_id, user_id) values ('29', 'Fine respond find garden affect wait.
Husband statement cut alone executive people chance. Prove top good article child social ok.', '1668610548000', '1668610548000', '10', '4');
insert into comments (id, body, created_at, updated_at, post_id, user_id) values ('30', 'Shoulder probably answer. Them check follow can.
Build detail value practice very save side. Meeting help several parent whether.
Pressure painting certainly. I knowledge heart section may.', '1652277855000', '1652277855000', '10', '5');
insert into comments (id, body, created_at, updated_at, post_id, user_id) values ('31', 'Phone letter but especially kitchen board type. Cell develop nearly fast else improve.
Where quality subject leg visit they response. Quickly why kid.', '1668798327000', '1668798327000', '11', '5');
insert into comments (id, body, created_at, updated_at, post_id, user_id) values ('32', 'Tough play other official lose manage outside owner. At prove far argue.
Make doctor wait too example. Tree black recently act. Field hit else military light fill.', '1668864708000', '1668864708000', '11', '6');
insert into comments (id, body, created_at, updated_at, post_id, user_id) values ('33', 'Kitchen soldier real little four week walk. May your under check college. Next development part per eat.
Staff individual fill wide action by business. Want often finish.', '1667092714000', '1667092714000', '11', '10');
insert into comments (id, body, created_at, updated_at, post_id, user_id) values ('34', 'Ground painting bit central easy music second. Herself ball range them off western. Window movie figure.', '1663091336000', '1663091336000', '12', '7');
insert into comments (id, body, created_at, updated_at, post_id, user_id) values ('35', 'Federal how range action century. Rock glass trade truth how style them east. Yard respond close pull arrive have.', '1659068765000', '1659068765000', '12', '5');
insert into comments (id, body, created_at, updated_at, post_id, user_id) values ('36', 'Truth green let teach interview catch. Western it eye take.
Professional own peace majority interview single parent. Maybe appear serve detail different.', '1654181677000', '1654181677000', '12', '1');
insert into comments (id, body, created_at, updated_at, post_id, user_id) values ('37', 'Bank herself policy source behavior magazine that. Hospital voice power big kind option bed. Blood recently safe easy accept great once.', '1665067723000', '1665067723000', '13', '5');
insert into comments (id, body, created_at, updated_at, post_id, user_id) values ('38', 'This most training artist seat suffer use. Parent money explain modern wife tough part. Listen mouth there student kind.', '1654653020000', '1654653020000', '13', '10');
insert into comments (id, body, created_at, updated_at, post_id, user_id) values ('39', 'Firm investment deal dream region maintain. Represent allow pick might.
Daughter quality not field entire daughter. Attack certainly involve avoid seat capital. Idea across worry attention.', '1655686062000', '1655686062000', '13', '4');
insert into comments (id, body, created_at, updated_at, post_id, user_id) values ('40', 'Several up few almost small truth.', '1649173597000', '1649173597000', '14', '5');
insert into comments (id, body, created_at, updated_at, post_id, user_id) values ('41', 'Local example court history yes message beyond. Least describe many summer. Bank debate customer bar line fish better.
Bill kitchen stop lot age consider. Discussion blue give center fill too.', '1664373440000', '1664373440000', '14', '9');
insert into comments (id, body, created_at, updated_at, post_id, user_id) values ('42', 'Activity ready must. Month discover common firm market anything. Computer quality fill past.
Treatment research seem however. Teacher hospital could wide general table.', '1662716219000', '1662716219000', '14', '5');
insert into comments (id, body, created_at, updated_at, post_id, user_id) values ('43', 'Total someone maybe serious again rate attorney mean. Style share worker visit couple would music anyone. Second remain city growth.', '1652545753000', '1652545753000', '15', '2');
insert into comments (id, body, created_at, updated_at, post_id, user_id) values ('44', 'Discover drive about exist into dinner. Read head inside movie factor response. Level house push another.
Themselves fact nice hope. Century western they painting. Claim alone hand.', '1663570633000', '1663570633000', '15', '10');
insert into comments (id, body, created_at, updated_at, post_id, user_id) values ('45', 'Prepare dark fly. Maybe seek American whom analysis national lot. Example management side.', '1668272364000', '1668272364000', '15', '10');
insert into comments (id, body, created_at, updated_at, post_id, user_id) values ('46', 'Cover close someone. Industry use ground after exactly much really. Continue always baby.
Customer study the western. Would space interest ago. Ask could able box real.', '1655734696000', '1655734696000', '16', '6');
insert into comments (id, body, created_at, updated_at, post_id, user_id) values ('47', 'Power major speak. Myself at day available smile president. Well write grow along we Mrs. Cultural very environmental reality box.', '1656554833000', '1656554833000', '16', '4');
insert into comments (id, body, created_at, updated_at, post_id, user_id) values ('48', 'Store official according present. Where eat nice like. Weight old view evening contain.
Difficult number couple skin control total game take. When either use none Democrat.', '1651954328000', '1651954328000', '16', '1');
insert into comments (id, body, created_at, updated_at, post_id, user_id) values ('49', 'Policy easy travel.
Through represent performance purpose safe yeah.
Board population nothing address quality. Mind remain floor off next wait.', '1668559827000', '1668559827000', '17', '2');
insert into comments (id, body, created_at, updated_at, post_id, user_id) values ('50', 'Official story address truth play science. Bar skin agree rise exactly more quite.
Or population send power tax society close. Along opportunity place out generation place.', '1668283411000', '1668283411000', '17', '4');
insert into comments (id, body, created_at, updated_at, post_id, user_id) values ('51', 'Power and development across by southern economic.
Anything field to over. Also fact prepare soldier suffer. So possible necessary behavior turn late surface.', '1668851419000', '1668851419000', '17', '9');
insert into comments (id, body, created_at, updated_at, post_id, user_id) values ('52', 'Effort herself check write list hold. Least science type notice teacher story. Audience son like capital ten.
Various shoulder carry see name owner. Can public machine floor wife.', '1667399633000', '1667399633000', '18', '9');
insert into comments (id, body, created_at, updated_at, post_id, user_id) values ('53', 'International team suddenly community focus. Worry senior summer land.
Still traditional argue you feeling. Significant serve return simply deep by what.', '1651703921000', '1651703921000', '18', '10');
insert into comments (id, body, created_at, updated_at, post_id, user_id) values ('54', 'Property military sort special part Congress. None change college argue natural care.', '1666577671000', '1666577671000', '18', '10');
insert into comments (id, body, created_at, updated_at, post_id, user_id) values ('55', 'Recent modern drop. Republican realize side bed.
Model language discover simply. Professional size at. Main everybody administration brother.', '1645227061000', '1645227061000', '19', '3');
insert into comments (id, body, created_at, updated_at, post_id, user_id) values ('56', 'Fear product realize more yeah poor.
Page chance travel onto read. Actually across top price operation perhaps site. Right half someone particular.
Father agent first company whom discussion.', '1652239730000', '1652239730000', '19', '1');
insert into comments (id, body, created_at, updated_at, post_id, user_id) values ('57', 'Dinner forget tree about order minute. What computer course production begin happen character after. Modern nice hour often.', '1657646317000', '1657646317000', '19', '8');
insert into comments (id, body, created_at, updated_at, post_id, user_id) values ('58', 'Who push everyone. By story care tree already environmental. Time pass hundred past.
One animal affect lead daughter receive significant information.', '1659925486000', '1659925486000', '20', '7');
insert into comments (id, body, created_at, updated_at, post_id, user_id) values ('59', 'Employee wide particular goal industry. Fine environmental than enjoy.
Significant same describe support. Floor special behind treatment I one whether. Stuff threat main east find.', '1667951255000', '1667951255000', '20', '2');
insert into comments (id, body, created_at, updated_at, post_id, user_id) values ('60', 'Move new get. Kid effect second common home. Yourself throughout view decide five.', '1665796909000', '1665796909000', '20', '5');
insert into comments (id, body, created_at, updated_at, post_id, user_id) values ('61', 'Special allow dream get argue. Determine mention main job rest current popular.
Religious edge black record box themselves. Kid discuss home five story everybody.', '1668754694000', '1668754694000', '21', '7');
insert into comments (id, body, created_at, updated_at, post_id, user_id) values ('62', 'Public cell far good democratic author.
Support eat sport look. Best response film understand best.
Detail science particularly visit happy. Result population during their middle table development.', '1668432080000', '1668432080000', '21', '2');
insert into comments (id, body, created_at, updated_at, post_id, user_id) values ('63', 'Reflect PM bar loss manage. Grow leader its leg personal yourself operation.
Likely wrong drug project modern million. It debate sit red right.', '1668597693000', '1668597693000', '21', '5');
insert into comments (id, body, created_at, updated_at, post_id, user_id) values ('64', 'Less east raise agent. Project recognize industry sing more study deal two.
Theory story TV natural notice. Probably book some candidate than oil attention. Third finish focus rate let.', '1644415417000', '1644415417000', '22', '2');
insert into comments (id, body, created_at, updated_at, post_id, user_id) values ('65', 'Baby minute behind summer your second involve dog. School remain already religious ground up worker life.', '1644932156000', '1644932156000', '22', '2');
insert into comments (id, body, created_at, updated_at, post_id, user_id) values ('66', 'Win speech rock contain. Successful main forward race.
Fund money TV wonder game grow. Culture onto its trial relationship wind.', '1662322621000', '1662322621000', '22', '7');
insert into comments (id, body, created_at, updated_at, post_id, user_id) values ('67', 'Appear different fill admit. Save range six modern room source raise.
About behavior beautiful home behavior. Movie however couple question system season plan national.', '1668862836000', '1668862836000', '23', '7');
insert into comments (id, body, created_at, updated_at, post_id, user_id) values ('68', 'Score accept difference note father have economic son. Impact sometimes other pressure.
Discuss allow issue up most available. President hold skill development rate. Play seek sign if defense seat.', '1668984760000', '1668984760000', '23', '3');
insert into comments (id, body, created_at, updated_at, post_id, user_id) values ('69', 'During would relationship his without write suggest our. American idea stuff save. Finish soldier throughout clearly and. And young others into door human.', '1668870612000', '1668870612000', '23', '7');
insert into comments (id, body, created_at, updated_at, post_id, user_id) values ('70', 'Certain economic interview game add consider Republican. School matter before question culture as.', '1667482069000', '1667482069000', '24', '2');
insert into comments (id, body, created_at, updated_at, post_id, user_id) values ('71', 'Another image level event scene exactly later. Weight take know move. Allow rest response fact few probably.', '1668094547000', '1668094547000', '24', '1');
insert into comments (id, body, created_at, updated_at, post_id, user_id) values ('72', 'Goal war conference leave. Make city cup think bring. Hold forget successful city.', '1668408260000', '1668408260000', '24', '9');
insert into comments (id, body, created_at, updated_at, post_id, user_id) values ('73', 'Sister home leave black.
Happy and room town particular. Occur gas sell small push what show.
Every step theory sign property. These her his it. Whole at night small.', '1660990653000', '1660990653000', '25', '4');
insert into comments (id, body, created_at, updated_at, post_id, user_id) values ('74', 'Sound institution factor quickly. Change small worry admit any cultural. Old last charge agree amount then another.', '1659905315000', '1659905315000', '25', '7');
insert into comments (id, body, created_at, updated_at, post_id, user_id) values ('75', 'Commercial police our less window crime point. Home condition cover evening allow could address.', '1666017308000', '1666017308000', '25', '2');
insert into comments (id, body, created_at, updated_at, post_id, user_id) values ('76', 'Listen decade resource movie standard. To cost health mission fill window.
Great blood help whether front how cause. Head yourself sort region.', '1655051726000', '1655051726000', '26', '9');
insert into comments (id, body, created_at, updated_at, post_id, user_id) values ('77', 'Allow baby nothing hotel seven never. Father especially face let too now believe project. Rich serious far this.
Especially meet suggest south form leg. Evening reflect occur social garden old.', '1663817597000', '1663817597000', '26', '1');
insert into comments (id, body, created_at, updated_at, post_id, user_id) values ('78', 'Rest board truth less occur product. Wear area throughout claim movement heart consider.', '1651368558000', '1651368558000', '26', '7');
insert into comments (id, body, created_at, updated_at, post_id, user_id) values ('79', 'Glass here seem center money fear painting. Suddenly way himself history middle turn method window. Participant him create serious accept participant water.', '1650969310000', '1650969310000', '27', '7');
insert into comments (id, body, created_at, updated_at, post_id, user_id) values ('80', 'Newspaper our my billion machine knowledge science. Recent coach day color.
Book fish relationship. Ball together final station short simply teacher.', '1668172678000', '1668172678000', '27', '8');
insert into comments (id, body, created_at, updated_at, post_id, user_id) values ('81', 'Gas society none nice she sea structure common. Back Congress around world year energy.
Amount pass go radio company fly.', '1660034296000', '1660034296000', '27', '9');
insert into comments (id, body, created_at, updated_at, post_id, user_id) values ('82', 'South base yes. Possible alone still feeling performance already.
Senior clearly bar power. Why green building than strategy defense soon. With for assume long get.', '1660949234000', '1660949234000', '28', '9');
insert into comments (id, body, created_at, updated_at, post_id, user_id) values ('83', 'Former each response southern catch item.
Reflect early be garden seven ground. Option try blood remember prepare grow whom. Church result think her call federal.', '1662766996000', '1662766996000', '28', '7');
insert into comments (id, body, created_at, updated_at, post_id, user_id) values ('84', 'Contain take stop blue seat far such. Same enter bit wonder.
Marriage owner mouth itself he might. Attorney may respond peace. Line capital indeed ball sing.', '1667404552000', '1667404552000', '28', '7');
insert into comments (id, body, created_at, updated_at, post_id, user_id) values ('85', 'Challenge material technology fine responsibility least prove. Health good interview campaign quite. Fight bag new drive fear develop institution song.', '1664015579000', '1664015579000', '29', '6');
insert into comments (id, body, created_at, updated_at, post_id, user_id) values ('86', 'Fly big economy others impact. Ground toward onto everybody.
Couple strategy adult reason relate win ball. Open sell fire blue war agree.', '1665066039000', '1665066039000', '29', '4');
insert into comments (id, body, created_at, updated_at, post_id, user_id) values ('87', 'Former floor budget response. Song memory finally day easy follow material.
Name industry provide lot only president option activity. Character question contain my usually performance director.', '1644800690000', '1644800690000', '29', '8');
insert into comments (id, body, created_at, updated_at, post_id, user_id) values ('88', 'According again trip thought head. Alone degree adult family list read. Leg investment life democratic.
Participant such campaign board method even even.', '1665237693000', '1665237693000', '30', '2');
insert into comments (id, body, created_at, updated_at, post_id, user_id) values ('89', 'Their me training guess. Produce kitchen within really everybody mission. Listen east official institution hope so.', '1652206231000', '1652206231000', '30', '3');
insert into comments (id, body, created_at, updated_at, post_id, user_id) values ('90', 'Look range real strategy like leader fly. Amount listen them explain leader.
Across community without such politics unit. Many seven administration speech reveal. Realize question owner indeed.', '1658000971000', '1658000971000', '30', '1');
insert into fav_user_post (id, user_id, post_id) values ('1', '1', '16');
insert into fav_user_post (id, user_id, post_id) values ('2', '1', '29');
insert into fav_user_post (id, user_id, post_id) values ('3', '1', '22');
insert into fav_user_post (id, user_id, post_id) values ('4', '2', '12');
insert into fav_user_post (id, user_id, post_id) values ('5', '2', '29');
insert into fav_user_post (id, user_id, post_id) values ('6', '2', '15');
insert into fav_user_post (id, user_id, post_id) values ('7', '3', '13');
insert into fav_user_post (id, user_id, post_id) values ('8', '3', '14');
insert into fav_user_post (id, user_id, post_id) values ('9', '3', '6');
insert into fav_user_post (id, user_id, post_id) values ('10', '4', '11');
insert into fav_user_post (id, user_id, post_id) values ('11', '4', '21');
insert into fav_user_post (id, user_id, post_id) values ('12', '4', '30');
insert into fav_user_post (id, user_id, post_id) values ('13', '5', '28');
insert into fav_user_post (id, user_id, post_id) values ('14', '5', '5');
insert into fav_user_post (id, user_id, post_id) values ('15', '6', '11');
insert into fav_user_post (id, user_id, post_id) values ('16', '6', '13');
insert into fav_user_post (id, user_id, post_id) values ('17', '7', '25');
insert into fav_user_post (id, user_id, post_id) values ('18', '7', '28');
insert into fav_user_post (id, user_id, post_id) values ('19', '7', '7');
insert into fav_user_post (id, user_id, post_id) values ('20', '8', '11');
insert into fav_user_post (id, user_id, post_id) values ('21', '8', '17');
insert into fav_user_post (id, user_id, post_id) values ('22', '8', '27');
insert into fav_user_post (id, user_id, post_id) values ('23', '9', '3');
insert into fav_user_post (id, user_id, post_id) values ('24', '9', '6');
insert into fav_user_post (id, user_id, post_id) values ('25', '9', '14');
insert into fav_user_post (id, user_id, post_id) values ('26', '10', '2');
insert into fav_user_post (id, user_id, post_id) values ('27', '10', '26');
insert into fav_user_post (id, user_id, post_id) values ('28', '10', '15');
insert into user_stats (id, user_id, post_count, comment_count, file_count) values ('1', '1', '3', '6', '0');
insert into user_stats (id, user_id, post_count, comment_count, file_count) values ('2', '2', '3', '11', '0');
insert into user_stats (id, user_id, post_count, comment_count, file_count) values ('3', '3', '3', '7', '0');
insert into user_stats (id, user_id, post_count, comment_count, file_count) values ('4', '4', '3', '10', '0');
insert into user_stats (id, user_id, post_count, comment_count, file_count) values ('5', '5', '3', '10', '0');
insert into user_stats (id, user_id, post_count, comment_count, file_count) values ('6', '6', '3', '6', '0');
insert into user_stats (id, user_id, post_count, comment_count, file_count) values ('7', '7', '3', '15', '0');
insert into user_stats (id, user_id, post_count, comment_count, file_count) values ('8', '8', '3', '7', '0');
insert into user_stats (id, user_id, post_count, comment_count, file_count) values ('9', '9', '3', '10', '0');
insert into user_stats (id, user_id, post_count, comment_count, file_count) values ('10', '10', '3', '8', '0');
select setval('user_seq', (select max(id) from users) + 1);
select setval('post_seq', (select max(id) from posts) + 1);
select setval('comment_seq', (select max(id) from comments) + 1);
select setval('fav_user_post_seq', (select max(id) from fav_user_post) + 1);
select setval('user_stats_seq', (select max(id) from user_stats) + 1);
